<?xml version="1.0" encoding="UTF-8"?>
<rss xmlns:dc="http://purl.org/dc/elements/1.1/" version="2.0">
<channel>
<title>
<![CDATA[ 조선일보 ]]>
</title>
<link>https://www.chosun.com</link>
<description>
<![CDATA[ 1등 인터넷뉴스 조선닷컴 | 스포츠 ]]>
</description>
<lastBuildDate>Wed, 1 Apr 2020 15:51:20 +0900</lastBuildDate>
<copyright>Copyright (c) 2004 chosun.com All rights reserved</copyright>
<webMaster>webmaster@chosun.com</webMaster>
<language>ko</language>
<image>
<title>조선일보</title>
<url>https://image.chosun.com/cs_logo.png</url>
<link>https://www.chosun.com</link>
<description>1등 인터넷뉴스 조선닷컴</description>
</image>
<item>
<title>
<![CDATA[ 토종이냐 외인이냐, V-리그 '최고의 별' 두고 각축 ]]>
</title>
<link>
https://news.chosun.com/site/data/html_dir/2020/04/01/2020040104535.html
</link>
<description>
<![CDATA[
<table border=0 cellspacing=3 cellpadding=0 width=100%><tr><td><img src="https://image.chosun.com/sitedata/thumbnail/202004/01/2020040104526_0_thumb.jpg" border=0></td></tr></table> 신종 코로나바이러스 감염증(코로나19) 여파로 조기 종료됐지만 아직 볼거리는 남아있다. 한국배구연맹(KOVO)은 9일 시상식을 열고 8개 부문에 대해 시상할 예정이다. 신종 코로나바이러스 감염증(코로나19) 여파로 축소된 2019~2020시즌의 마지막 공식 일정이다. 최고의 별을 뽑는 최우수선수상(MVP)은 토종 선수들과 외국인 선수들의 각축전이 될 전망이다. 남자부에서는 우리카드 나경복과 대한항공 비예나가 유력후보로 꼽힌다. 레프트 공격수인 나경복은 27경기에 출전해 453점, 서브에이스 37개를 기록했다. 국내 선수 중 득점 ...
]]>
</description>
<dc:date>2020-04-01T15:33:46+09:00</dc:date>
<author>
<![CDATA[ 뉴시스( ) ]]>
</author>
<category>
<![CDATA[ 배구 ]]>
</category>
<pubDate>Wed, 01 Apr 2020 15:33:46 +0900</pubDate>
</item>
<item>
<title>
<![CDATA[ 쇼트트랙 심석희, 나이키 '우리의 힘을 믿어' 모델로 참여 ]]>
</title>
<link>
https://news.chosun.com/site/data/html_dir/2020/04/01/2020040104530.html
</link>
<description>
<![CDATA[
<table border=0 cellspacing=3 cellpadding=0 width=100%><tr><td><img src="https://image.chosun.com/sitedata/thumbnail/202004/01/2020040104521_0_thumb.jpg" border=0></td></tr></table> 여자 쇼트트랙 올림픽 금메달리스트 심석희(서울시청)가 글로벌 스포츠용품 브랜드 나이키의 '우리의 힘을 믿어' 활동 모델로 참여했다. 나이키는 1일 "힘든 상황 속에서도 전 세계 운동선수들을 포함한 모든 이들이 일상에서 건강을 유지하며 계속해서 운동할 수 있도록 독려하기 위해 기획한 '우리의 힘을 믿어' 활동을 전개한다"며 "가장 어려운 시기에도 연대와 영감의 원천은 스포츠로부터 나온다는 것을 자신의 커리어를 통해 보여준 쇼트트랙 심석희 선수가 대표주자로 참여했다"고 전했다. 심석희는 "스포츠는 힘든 상황에서도 새로운 희망을 꿈꾸게 ...
]]>
</description>
<dc:date>2020-04-01T15:32:49+09:00</dc:date>
<author>
<![CDATA[ 뉴시스( ) ]]>
</author>
<category>
<![CDATA[ 스포츠 일반 ]]>
</category>
<pubDate>Wed, 01 Apr 2020 15:32:49 +0900</pubDate>
</item>
<item>
<title>
<![CDATA[ 문체부 "코로나19, 집콕운동으로 건강 지키자" 캠페인 ]]>
</title>
<link>
https://news.chosun.com/site/data/html_dir/2020/04/01/2020040104520.html
</link>
<description>
<![CDATA[
<table border=0 cellspacing=3 cellpadding=0 width=100%><tr><td><img src="https://image.chosun.com/sitedata/thumbnail/202004/01/2020040104511_0_thumb.jpg" border=0></td></tr></table> 문화체육관광부(장관 박양우)는 대한체육회, 국민체육진흥공단 등 체육단체와 함께, 신종 코로나바이러스 감염증(코로나19)로 인해 체육 활동이 어려워진 국민들을 위해 '집콕운동으로 나와 우리 모두의 건강을 함께 지켜요'라는 표어 아래 캠페인을 펼친다. 이번 캠페인에서는 집안에서 할 수 있는 간단한 운동 방법과 운동 수칙을 안내하고 전문가의 운동 상담을 제공하며, 집콕운동을 주제로 한 영상 공모전도 함께 진행한다. 우선 매주 체력인증센터의 운동 처방사가 영상을 통해 실내에서 할 수 있는 간단한 운동을 소개한다. 또한, 양학선, 신수지 ...
]]>
</description>
<dc:date>2020-04-01T15:31:10+09:00</dc:date>
<author>
<![CDATA[ 뉴시스( ) ]]>
</author>
<category>
<![CDATA[ 스포츠 일반 ]]>
</category>
<pubDate>Wed, 01 Apr 2020 15:31:10 +0900</pubDate>
</item>
<item>
<title>
<![CDATA[ 도쿄올림픽 연기로 여자축구 6월 PO일정 또 연기될 듯 ]]>
</title>
<link>
https://news.chosun.com/site/data/html_dir/2020/04/01/2020040104507.html
</link>
<description>
<![CDATA[
<table border=0 cellspacing=3 cellpadding=0 width=100%><tr><td><img src="https://image.chosun.com/sitedata/thumbnail/202004/01/2020040104498_0_thumb.jpg" border=0></td></tr></table> 신종 코로나바이러스 감염증(코로나19)의 전 세계적인 확산으로 2020년 도쿄올림픽이 1년 뒤로 연기된 가운데 6월 예정된 여자축구 플레이오프(PO)도 내년으로 미뤄질 전망이다. 도쿄올림픽 여자축구 PO는 지난 2월 열릴 예정이었으나 코로나19로 인해 한국과 중국에서 홈 앤드 어웨이 경기할 수 없게 되면서 국제축구연맹(FIFA)과 아시아축구연맹(AFC)이 6월 4일과 9일로 연기했다. 하지만 국제올림픽위원회(IOC)와 일본 정부가 올해 7월 예정된 도쿄올림픽의 1년 연기를 결정하면서 여자축구 PO를 6월에 치를 이유가 없어졌다. 축...
]]>
</description>
<dc:date>2020-04-01T15:30:06+09:00</dc:date>
<author>
<![CDATA[ 뉴시스( ) ]]>
</author>
<category>
<![CDATA[ 축구 ]]>
</category>
<pubDate>Wed, 01 Apr 2020 15:30:06 +0900</pubDate>
</item>
<item>
<title>
<![CDATA[ KIA 타이거즈, 2020시즌 팬북 발간 ]]>
</title>
<link>
https://news.chosun.com/site/data/html_dir/2020/04/01/2020040104506.html
</link>
<description>
<![CDATA[
<table border=0 cellspacing=3 cellpadding=0 width=100%><tr><td><img src="https://image.chosun.com/sitedata/thumbnail/202004/01/2020040104497_0_thumb.jpg" border=0></td></tr></table> 프로야구 KIA 타이거즈가 2020시즌 팬북 2만부를 발간했다. 올 시즌 팬북 콘셉트는 '우승 반지를 향한 위대한 여정'으로, 표지는 강렬한 호랑이 이미지로 장식했다. 용맹한 호랑이가 발걸음을 내딛는 모습을 강조해 명예회복을 향해 전진하는 KIA 타이거즈 선수단의 굳은 의지를 드러냈다. 팬북은 선수들의 역동적인 플레이 모습을 강조하기 위해 A4 사이즈의 화보로 구성됐다. 화보와 함께 다양한 테마의 인터뷰가 실려 읽을거리가 풍성하다. 우선 지난 시즌 결산과 올 시즌 전망을 비롯해 맷 윌리엄스 감독의 출사표가 소개되고, 메이저리그 출신...
]]>
</description>
<dc:date>2020-04-01T15:29:24+09:00</dc:date>
<author>
<![CDATA[ 뉴시스( ) ]]>
</author>
<category>
<![CDATA[ 야구 ]]>
</category>
<pubDate>Wed, 01 Apr 2020 15:29:24 +0900</pubDate>
</item>
<item>
<title>
<![CDATA[ 남자 프로농구 샐러리캡 동결 혹은 삭감할 듯 ]]>
</title>
<link>
https://news.chosun.com/site/data/html_dir/2020/04/01/2020040104499.html
</link>
<description>
<![CDATA[
<table border=0 cellspacing=3 cellpadding=0 width=100%><tr><td><img src="https://image.chosun.com/sitedata/thumbnail/202004/01/2020040104490_0_thumb.jpg" border=0></td></tr></table> 차기 시즌 남자 프로농구의 샐러리캡(연봉총액상한제)이 동결 혹은 삭감될 것으로 보인다. 남자 프로농구를 주관하는 KBL은 오는 6일 강남구 KBL센터에서 제25기 제6차 이사회를 개최해 2019~2020시즌 조기 종료에 따른 후속 조치와 2020~2021시즌 샐러리캡에 대해 논의하기로 했다. 샐러리캡은 선수들의 연봉 총액이 일정액을 넘지 못하도록 제한하는 제도다. 재정이 탄탄한 구단이 특급 선수들을 독점해 팀간 전력 차가 커지는 것을 방지하고, 구단의 비용을 절감하는 효과가 있다. KBL의 샐러리캡은 지난해 1억원 올라 25억원이다...
]]>
</description>
<dc:date>2020-04-01T15:28:40+09:00</dc:date>
<author>
<![CDATA[ 뉴시스( ) ]]>
</author>
<category>
<![CDATA[ 농구 ]]>
</category>
<pubDate>Wed, 01 Apr 2020 15:28:40 +0900</pubDate>
</item>
<item>
<title>
<![CDATA[ 손흥민, 메시가 뽑은 '최고의 재능 25인'에 이름 올려 ]]>
</title>
<link>
https://news.chosun.com/site/data/html_dir/2020/04/01/2020040104208.html
</link>
<description>
<![CDATA[
<table border=0 cellspacing=3 cellpadding=0 width=100%><tr><td><img src="https://image.chosun.com/sitedata/thumbnail/202004/01/2020040104200_0_thumb.jpg" border=0></td></tr></table> 손흥민(28·토트넘)이 리오넬 메시(바르셀로나·33·아르헨티나)가 뽑은 2019~2020시즌 유럽축구연맹(UEFA) 챔피언스리그 ‘최고의 재능 25인’에 포함됐다. 영국 매체 데일리스타는 1일 메시가 미국의 트레이딩 카드 제조사인 ‘톱스’(Topps)와 파트너 계약을 맺고 이번 시즌 UEFA 챔피언스리그 카드를 디자인했다고 보도했다. 메시는 ‘최고의 재능’ 카드에 들어갈 선수 25명을 직접 뽑은 것으로 알려졌다. 손흥민은 팀 동료 해리 케인(27·영국)과 함께 이 명단에 이름을 올렸다. 비록 토트넘은 라이프치히에 가로막혀 1...
]]>
</description>
<dc:date>2020-04-01T15:24:47+09:00</dc:date>
<author>
<![CDATA[ 문현웅 기자( mhw@chosun.com ) ]]>
</author>
<category>
<![CDATA[ 축구 ]]>
</category>
<pubDate>Wed, 01 Apr 2020 15:24:47 +0900</pubDate>
</item>
<item>
<title>
<![CDATA[ [사진]심우준,'실책없이' ]]>
</title>
<link>
https://news.chosun.com/site/data/html_dir/2020/04/01/2020040104600.html
</link>
<description>
<![CDATA[
<table border=0 cellspacing=3 cellpadding=0 width=100%><tr><td><img src="https://image.chosun.com/sitedata/thumbnail/202004/01/2020040104591_0_thumb.jpg" border=0></td></tr></table> [OSEN=수원 , 곽영래 기자] KT 위즈가 1일 오후 수원KT위즈파크에서 훈련을 진행했다.KT 심우준이 수비훈련을 하고 있다. /youngrae@osen.co.kr
]]>
</description>
<dc:date>2020-04-01T15:20:00+09:00</dc:date>
<author>
<![CDATA[ OSEN( ) ]]>
</author>
<category>
<![CDATA[ 스포츠 포토 ]]>
</category>
<pubDate>Wed, 01 Apr 2020 15:20:00 +0900</pubDate>
</item>
<item>
<title>
<![CDATA[ [사진]박경수,'깔끔하게 처리' ]]>
</title>
<link>
https://news.chosun.com/site/data/html_dir/2020/04/01/2020040104602.html
</link>
<description>
<![CDATA[
<table border=0 cellspacing=3 cellpadding=0 width=100%><tr><td><img src="https://image.chosun.com/sitedata/thumbnail/202004/01/2020040104593_0_thumb.jpg" border=0></td></tr></table> [OSEN=수원 , 곽영래 기자] KT 위즈가 1일 오후 수원KT위즈파크에서 훈련을 진행했다.KT 박경수가 수비훈련을 하고 있다. /youngrae@osen.co.kr
]]>
</description>
<dc:date>2020-04-01T15:19:00+09:00</dc:date>
<author>
<![CDATA[ OSEN( ) ]]>
</author>
<category>
<![CDATA[ 스포츠 포토 ]]>
</category>
<pubDate>Wed, 01 Apr 2020 15:19:00 +0900</pubDate>
</item>
<item>
<title>
<![CDATA[ [사진]박철영 코치,'허도환과 1대1 훈련' ]]>
</title>
<link>
https://news.chosun.com/site/data/html_dir/2020/04/01/2020040104491.html
</link>
<description>
<![CDATA[
<table border=0 cellspacing=3 cellpadding=0 width=100%><tr><td><img src="https://image.chosun.com/sitedata/thumbnail/202004/01/2020040104482_0_thumb.jpg" border=0></td></tr></table> [OSEN=수원 , 곽영래 기자] KT 위즈가 1일 오후 수원KT위즈파크에서 훈련을 진행했다.KT 박철영 코치가 허도환과 훈련을 하고 있다. /youngrae@osen.co.kr
]]>
</description>
<dc:date>2020-04-01T15:19:00+09:00</dc:date>
<author>
<![CDATA[ OSEN( ) ]]>
</author>
<category>
<![CDATA[ 스포츠 포토 ]]>
</category>
<pubDate>Wed, 01 Apr 2020 15:19:00 +0900</pubDate>
</item>
<item>
<title>
<![CDATA[ [사진]유한준,'야구 생각' ]]>
</title>
<link>
https://news.chosun.com/site/data/html_dir/2020/04/01/2020040104500.html
</link>
<description>
<![CDATA[
<table border=0 cellspacing=3 cellpadding=0 width=100%><tr><td><img src="https://image.chosun.com/sitedata/thumbnail/202004/01/2020040104491_0_thumb.jpg" border=0></td></tr></table> [OSEN=수원 , 곽영래 기자] KT 위즈가 1일 오후 수원KT위즈파크에서 훈련을 진행했다.KT 유한준이 스윙 연습을 하고 있다. /youngrae@osen.co.kr
]]>
</description>
<dc:date>2020-04-01T15:18:00+09:00</dc:date>
<author>
<![CDATA[ OSEN( ) ]]>
</author>
<category>
<![CDATA[ 스포츠 포토 ]]>
</category>
<pubDate>Wed, 01 Apr 2020 15:18:00 +0900</pubDate>
</item>
<item>
<title>
<![CDATA[ WKBL 선수단, 코로나19 극복을 위한 기부금 전달 ]]>
</title>
<link>
https://news.chosun.com/site/data/html_dir/2020/04/01/2020040104521.html
</link>
<description>
<![CDATA[
<table border=0 cellspacing=3 cellpadding=0 width=100%><tr><td><img src="https://image.chosun.com/sitedata/thumbnail/202004/01/2020040104512_0_thumb.jpg" border=0></td></tr></table> [스포츠조선 김가을 기자]코로나19 극복을 위해 WKBL(한국여자농구연맹) 선수들이 힘을 모았다.1일 오후 서울 마포구의 희망브리지 전국재해구호협회 희망브리지홀에서 WKBL을 대표하는 선수들이 참석해 코로나19 극복을 위한 기부금을 전달했다. 기부금은 총 8000만 원이다. 코로나19로 리그가 조기 종료됨에 따라 개최되지 못한 챔피언결정전 우승팀 상금 5000만 원과 준우승팀 상금 3000만 원을 더한 금액이다. 이는 WKBL 전체 선수들의 이름으로 기부했다.이날 전달식에는 박정은 WKBL 경기운영본부장을 비롯해 박혜진(아산 우리은...
]]>
</description>
<dc:date>2020-04-01T15:17:12+09:00</dc:date>
<author>
<![CDATA[ 스포츠조선=김가을 기자( epi17@sportschosun.com ) ]]>
</author>
<category>
<![CDATA[ 스포츠 포토 ]]>
</category>
<pubDate>Wed, 01 Apr 2020 15:17:12 +0900</pubDate>
</item>
<item>
<title>
<![CDATA[ [사진]주권,'힘차게 훈련 시작합니다' ]]>
</title>
<link>
https://news.chosun.com/site/data/html_dir/2020/04/01/2020040104481.html
</link>
<description>
<![CDATA[
<table border=0 cellspacing=3 cellpadding=0 width=100%><tr><td><img src="https://image.chosun.com/sitedata/thumbnail/202004/01/2020040104472_0_thumb.jpg" border=0></td></tr></table> [OSEN=수원 , 곽영래 기자] KT 위즈가 1일 오후 수원KT위즈파크에서 훈련을 진행했다.KT 주권이 수비훈련을 하고 있다. /youngrae@osen.co.kr
]]>
</description>
<dc:date>2020-04-01T15:16:00+09:00</dc:date>
<author>
<![CDATA[ OSEN( ) ]]>
</author>
<category>
<![CDATA[ 스포츠 포토 ]]>
</category>
<pubDate>Wed, 01 Apr 2020 15:16:00 +0900</pubDate>
</item>
<item>
<title>
<![CDATA[ 2002 월드컵의 성지, K리그와 연결 고리 ]]>
</title>
<link>
https://news.chosun.com/site/data/html_dir/2020/04/01/2020040104473.html
</link>
<description>
<![CDATA[
<table border=0 cellspacing=3 cellpadding=0 width=100%><tr><td><img src="https://image.chosun.com/sitedata/thumbnail/202004/01/2020040104464_3_thumb.jpg" border=0></td></tr></table> [OSEN=이승우 기자] 2020시즌&nbsp;K리그 개막이 코로나19로 잠정 연기된 가운데&nbsp;2002&nbsp;월드컵의 성지 경기장들을 되짚어보며 현재&nbsp;K리그와 연결고리를 알아본다.2002&nbsp;한일월드컵이 열린지 어느덧&nbsp;18년이 지났지만,&nbsp;여전히 그 날의 추억은 국민들의 가슴을 뜨겁게 한다.&nbsp;그해 여름은 한국의&nbsp;4강 진출이라는 기적과 함께 한국 축구에 많은 유산을 남겼다.&nbsp;그 중 실제 경기가 열렸던 월드컵경기장은&nbsp;2002년의 ...
]]>
</description>
<dc:date>2020-04-01T15:16:00+09:00</dc:date>
<author>
<![CDATA[ OSEN( ) ]]>
</author>
<category>
<![CDATA[ 스포츠 포토 ]]>
</category>
<pubDate>Wed, 01 Apr 2020 15:16:00 +0900</pubDate>
</item>
<item>
<title>
<![CDATA[ [사진]강백호,'우아하게 1루로' ]]>
</title>
<link>
https://news.chosun.com/site/data/html_dir/2020/04/01/2020040104493.html
</link>
<description>
<![CDATA[
<table border=0 cellspacing=3 cellpadding=0 width=100%><tr><td><img src="https://image.chosun.com/sitedata/thumbnail/202004/01/2020040104484_0_thumb.jpg" border=0></td></tr></table> [OSEN=수원 , 곽영래 기자] KT 위즈가 1일 오후 수원KT위즈파크에서 훈련을 진행했다.KT 강백호가 수비훈련을 하고 있다. /youngrae@osen.co.kr
]]>
</description>
<dc:date>2020-04-01T15:15:00+09:00</dc:date>
<author>
<![CDATA[ OSEN( ) ]]>
</author>
<category>
<![CDATA[ 스포츠 포토 ]]>
</category>
<pubDate>Wed, 01 Apr 2020 15:15:00 +0900</pubDate>
</item>
<item>
<title>
<![CDATA[ [사진]이대은'긴 머리 휘날리며' ]]>
</title>
<link>
https://news.chosun.com/site/data/html_dir/2020/04/01/2020040104466.html
</link>
<description>
<![CDATA[
<table border=0 cellspacing=3 cellpadding=0 width=100%><tr><td><img src="https://image.chosun.com/sitedata/thumbnail/202004/01/2020040104457_0_thumb.jpg" border=0></td></tr></table> [OSEN=수원 , 곽영래 기자] KT 위즈가 1일 오후 수원KT위즈파크에서 훈련을 진행했다.KT 이대은이 수비훈련을 하고 있다. /youngrae@osen.co.kr
]]>
</description>
<dc:date>2020-04-01T15:15:00+09:00</dc:date>
<author>
<![CDATA[ OSEN( ) ]]>
</author>
<category>
<![CDATA[ 스포츠 포토 ]]>
</category>
<pubDate>Wed, 01 Apr 2020 15:15:00 +0900</pubDate>
</item>
<item>
<title>
<![CDATA[ [사진]천성호,'강습 타구를 잡아낸다' ]]>
</title>
<link>
https://news.chosun.com/site/data/html_dir/2020/04/01/2020040104486.html
</link>
<description>
<![CDATA[
<table border=0 cellspacing=3 cellpadding=0 width=100%><tr><td><img src="https://image.chosun.com/sitedata/thumbnail/202004/01/2020040104477_0_thumb.jpg" border=0></td></tr></table> [OSEN=수원 , 곽영래 기자] KT 위즈가 1일 오후 수원KT위즈파크에서 훈련을 진행했다.KT 천성호가 수비훈련을 하고 있다. /youngrae@osen.co.kr
]]>
</description>
<dc:date>2020-04-01T15:14:00+09:00</dc:date>
<author>
<![CDATA[ OSEN( ) ]]>
</author>
<category>
<![CDATA[ 스포츠 포토 ]]>
</category>
<pubDate>Wed, 01 Apr 2020 15:14:00 +0900</pubDate>
</item>
<item>
<title>
<![CDATA[ [사진]강민성,'가지마' ]]>
</title>
<link>
https://news.chosun.com/site/data/html_dir/2020/04/01/2020040104504.html
</link>
<description>
<![CDATA[
<table border=0 cellspacing=3 cellpadding=0 width=100%><tr><td><img src="https://image.chosun.com/sitedata/thumbnail/202004/01/2020040104495_0_thumb.jpg" border=0></td></tr></table> [OSEN=수원 , 곽영래 기자] KT 위즈가 1일 오후 수원KT위즈파크에서 훈련을 진행했다.KT 강민성이 수비훈련을 하고 있다. /youngrae@osen.co.kr
]]>
</description>
<dc:date>2020-04-01T15:13:00+09:00</dc:date>
<author>
<![CDATA[ OSEN( ) ]]>
</author>
<category>
<![CDATA[ 스포츠 포토 ]]>
</category>
<pubDate>Wed, 01 Apr 2020 15:13:00 +0900</pubDate>
</item>
<item>
<title>
<![CDATA[ [사진]강민성,'불규칙 바운드 까다롭네' ]]>
</title>
<link>
https://news.chosun.com/site/data/html_dir/2020/04/01/2020040104488.html
</link>
<description>
<![CDATA[
<table border=0 cellspacing=3 cellpadding=0 width=100%><tr><td><img src="https://image.chosun.com/sitedata/thumbnail/202004/01/2020040104479_0_thumb.jpg" border=0></td></tr></table> [OSEN=수원 , 곽영래 기자] KT 위즈가 1일 오후 수원KT위즈파크에서 훈련을 진행했다.KT 강민성이 수비훈련을 하고 있다. /youngrae@osen.co.kr
]]>
</description>
<dc:date>2020-04-01T15:13:00+09:00</dc:date>
<author>
<![CDATA[ OSEN( ) ]]>
</author>
<category>
<![CDATA[ 스포츠 포토 ]]>
</category>
<pubDate>Wed, 01 Apr 2020 15:13:00 +0900</pubDate>
</item>
<item>
<title>
<![CDATA[ [O!SPORTS]’청백전 무실점 호투’ 롯데 샘슨 피칭 ]]>
</title>
<link>
https://news.chosun.com/site/data/html_dir/2020/04/01/2020040104497.html
</link>
<description>
<![CDATA[
<table border=0 cellspacing=3 cellpadding=0 width=100%><tr><td><img src="https://image.chosun.com/sitedata/thumbnail/202004/01/2020040104488_0_thumb.jpg" border=0></td></tr></table> [OSEN=김해, 최재현 기자] 1일 오후 경상남도 김해 상동구장에서 롯데 자이언츠의 자체 청백전 경기가 열렸다.샘슨은 1일 김해 상동구장에서 열린 자체 청백전에 선발 등판해 4이닝 55구 2피안타 무4사구 4탈삼진 무실점 역투를 기록하고 마운드를 내려왔다.&nbsp;원정팀 선발 샘슨이 힘차게 공을 뿌리고 있다. /hyun309@osen.co.kr[사진] 최규한 기자&nbsp; / dreamer@osen.co.kr
]]>
</description>
<dc:date>2020-04-01T15:12:00+09:00</dc:date>
<author>
<![CDATA[ OSEN( ) ]]>
</author>
<category>
<![CDATA[ 스포츠 포토 ]]>
</category>
<pubDate>Wed, 01 Apr 2020 15:12:00 +0900</pubDate>
</item>
<item>
<title>
<![CDATA[ [사진]강민성,'1루로 정확하게' ]]>
</title>
<link>
https://news.chosun.com/site/data/html_dir/2020/04/01/2020040104483.html
</link>
<description>
<![CDATA[
<table border=0 cellspacing=3 cellpadding=0 width=100%><tr><td><img src="https://image.chosun.com/sitedata/thumbnail/202004/01/2020040104474_0_thumb.jpg" border=0></td></tr></table> [OSEN=수원 , 곽영래 기자] KT 위즈가 1일 오후 수원KT위즈파크에서 훈련을 진행했다.KT 강민성이 수비훈련을 하고 있다. /youngrae@osen.co.kr
]]>
</description>
<dc:date>2020-04-01T15:12:00+09:00</dc:date>
<author>
<![CDATA[ OSEN( ) ]]>
</author>
<category>
<![CDATA[ 스포츠 포토 ]]>
</category>
<pubDate>Wed, 01 Apr 2020 15:12:00 +0900</pubDate>
</item>
<item>
<title>
<![CDATA[ 욱일기 반입 금지 물품 제외, 일본의 끝나지 않은 '올림픽 정치' ]]>
</title>
<link>
https://news.chosun.com/site/data/html_dir/2020/04/01/2020040104459.html
</link>
<description>
<![CDATA[
<table border=0 cellspacing=3 cellpadding=0 width=100%><tr><td><img src="https://image.chosun.com/sitedata/thumbnail/202004/01/2020040104450_0_thumb.jpg" border=0></td></tr></table> [스포츠조선 김가을 기자]지난 1940년. 일본은 삿포로와 도쿄에서 각각 동·하계올림픽을 치를 예정이었다. 하지만 1937년 중국에서 중·일전쟁을 일으킨 대가로 올림픽 개최권을 반납해야 했다. 1940년 열릴 예정이던 올림픽 역시 제2차 세계대전 속에 역사 속에서 잊혀졌다.그로부터 80년이 흐른 2020년. 일본은 또 한 번 올림픽 개최에 나선다. 코로나19 사태 속 1년 연기됐지만, 올림픽은 정상적으로 치른다는 계획이다. 다만, 80년 전과 비교해 달라지지 않은 것이 있다. 일본의 올림픽에는 여전히 정치가 흐른다는 사실이다.스포니...
]]>
</description>
<dc:date>2020-04-01T15:11:09+09:00</dc:date>
<author>
<![CDATA[ 스포츠조선=김가을 기자( epi17@sportschosun.com ) ]]>
</author>
<category>
<![CDATA[ 스포츠 포토 ]]>
</category>
<pubDate>Wed, 01 Apr 2020 15:11:09 +0900</pubDate>
</item>
<item>
<title>
<![CDATA[ [KPGA스타]돌아온 김대현, "실전감각 회복, 쇼트게임 보완..목표는 우승" ]]>
</title>
<link>
https://news.chosun.com/site/data/html_dir/2020/04/01/2020040104440.html
</link>
<description>
<![CDATA[
<table border=0 cellspacing=3 cellpadding=0 width=100%><tr><td><img src="https://image.chosun.com/sitedata/thumbnail/202004/01/2020040104431_0_thumb.jpg" border=0></td></tr></table> [스포츠조선 정현석 기자]돌아온 장타자 김대현(32·제노라인)이 올시즌 KPGA 코리안투어 우승을 정조준 하고 있다. 군 복무 후 2년째를 맞는 올시즌. 코로나19 여파로 개막이 미뤄지고 있지만 시즌 준비에 여념이 없다. 군 입대 전 우승의 기억을 되살리는 것이 목표. 작년에 충분히 워밍업을 한 만큼 자신감도 넘친다. 김대현은 최근 KPGA와의 공식 인터뷰에서 "우승을 할 때가 된 것 같기도 하다. 우승 경쟁이라는 치열하고 긴장되는 승부도 펼치고 싶다"며 "찬스가 찾아온다면 절대로 놓치지 않을 것이다. 시즌 시작 전까지 차근차근 완...
]]>
</description>
<dc:date>2020-04-01T15:09:13+09:00</dc:date>
<author>
<![CDATA[ 스포츠조선=정현석 기자( hschung@sportschosun.com ) ]]>
</author>
<category>
<![CDATA[ 스포츠 포토 ]]>
</category>
<pubDate>Wed, 01 Apr 2020 15:09:13 +0900</pubDate>
</item>
<item>
<title>
<![CDATA[ 안혜지 보유한 BNK, 박혜진 영입 아예 불가능은 아니다 ]]>
</title>
<link>
https://news.chosun.com/site/data/html_dir/2020/04/01/2020040104454.html
</link>
<description>
<![CDATA[
<table border=0 cellspacing=3 cellpadding=0 width=100%><tr><td><img src="https://image.chosun.com/sitedata/thumbnail/202004/01/2020040104445_0_thumb.jpg" border=0></td></tr></table> [스포츠조선 김 용 기자] 부산 BNK는 박혜진 영입이라는 염원을 이룰 수 있을까.여자프로농구 조기 종료로 인해 자유계약(FA) 시장이 1일 개막했다. 이번 FA 시장은 '박혜진' 이름 석 자에 모든 게 집중돼있다.박혜진은 여자프로농구 최고 선수다. 외곽에서의 득점력과 경기 리딩력은 누구도 따라올 수 없다. 혼자 경기 판도를, 팀 분위기를 바꿀 수 있는 초특급 카드다. 지난 31일 2019~2020 시즌 MVP로도 뽑혔다. 개인 통산 5번째 MVP 수상이다. 그 박혜진이 시장에 나왔다. 여자프로농구연맹(WKBL)의 그 전 규정에 따...
]]>
</description>
<dc:date>2020-04-01T15:05:02+09:00</dc:date>
<author>
<![CDATA[ 스포츠조선=김용 기자( awesome@sportschosun.com ) ]]>
</author>
<category>
<![CDATA[ 스포츠 포토 ]]>
</category>
<pubDate>Wed, 01 Apr 2020 15:05:02 +0900</pubDate>
</item>
<item>
<title>
<![CDATA[ [사진]첫 타석 안타 날리는 롯데 마차도 ]]>
</title>
<link>
https://news.chosun.com/site/data/html_dir/2020/04/01/2020040104285.html
</link>
<description>
<![CDATA[
<table border=0 cellspacing=3 cellpadding=0 width=100%><tr><td><img src="https://image.chosun.com/sitedata/thumbnail/202004/01/2020040104277_0_thumb.jpg" border=0></td></tr></table> [OSEN=김해, 최규한 기자] 1일 오후 경상남도 김해 상동구장에서 롯데 자이언츠의 자체 청백전 경기가 열렸다.이날 경기는 원정팀이 6-1로 승리를 거뒀다.1회초 무사 선두타자로 나선 롯데 마차도가 안타를 날리고 있다. / dreamer@osen.co.kr
]]>
</description>
<dc:date>2020-04-01T14:59:00+09:00</dc:date>
<author>
<![CDATA[ OSEN( ) ]]>
</author>
<category>
<![CDATA[ 스포츠 포토 ]]>
</category>
<pubDate>Wed, 01 Apr 2020 14:59:00 +0900</pubDate>
</item>
<item>
<title>
<![CDATA[ [사진]장성우,'배트를 빡!' ]]>
</title>
<link>
https://news.chosun.com/site/data/html_dir/2020/04/01/2020040104347.html
</link>
<description>
<![CDATA[
<table border=0 cellspacing=3 cellpadding=0 width=100%><tr><td><img src="https://image.chosun.com/sitedata/thumbnail/202004/01/2020040104339_0_thumb.jpg" border=0></td></tr></table> [OSEN=수원 , 곽영래 기자] KT 위즈가 1일 오후 수원KT위즈파크에서 훈련을 진행했다.KT 장성우가 장난을 치고 있다. /youngrae@osen.co.kr
]]>
</description>
<dc:date>2020-04-01T14:57:00+09:00</dc:date>
<author>
<![CDATA[ OSEN( ) ]]>
</author>
<category>
<![CDATA[ 스포츠 포토 ]]>
</category>
<pubDate>Wed, 01 Apr 2020 14:57:00 +0900</pubDate>
</item>
<item>
<title>
<![CDATA[ [사진]노경은, '청백전 선발투수로' ]]>
</title>
<link>
https://news.chosun.com/site/data/html_dir/2020/04/01/2020040104281.html
</link>
<description>
<![CDATA[
<table border=0 cellspacing=3 cellpadding=0 width=100%><tr><td><img src="https://image.chosun.com/sitedata/thumbnail/202004/01/2020040104273_0_thumb.jpg" border=0></td></tr></table> [OSEN=김해, 최규한 기자] 1일 오후 경상남도 김해 상동구장에서 롯데 자이언츠의 자체 청백전 경기가 열렸다.이날 경기는 원정팀이 6-1로 승리를 거뒀다.롯데 투수 노경은이 힘차게 공을 뿌리고 있다. / dreamer@osen.co.kr
]]>
</description>
<dc:date>2020-04-01T14:57:00+09:00</dc:date>
<author>
<![CDATA[ OSEN( ) ]]>
</author>
<category>
<![CDATA[ 스포츠 포토 ]]>
</category>
<pubDate>Wed, 01 Apr 2020 14:57:00 +0900</pubDate>
</item>
<item>
<title>
<![CDATA[ WKBL, 코로나19 극복 위한 기부금 전달...챔프전 상금 8천만 원 ]]>
</title>
<link>
https://news.chosun.com/site/data/html_dir/2020/04/01/2020040104351.html
</link>
<description>
<![CDATA[
<table border=0 cellspacing=3 cellpadding=0 width=100%><tr><td><img src="https://image.chosun.com/sitedata/thumbnail/202004/01/2020040104343_1_thumb.jpg" border=0></td></tr></table> [OSEN=이승우 기자] 신종 코로나바이러스 감염증(코로나19)극복을 위해&nbsp;WKBL(한국여자농구연맹)&nbsp;선수들도 동참했다.WKBL을 대표하는 선수들은 1일 오후 서울특별시 마포구에 있는 희망브리지 전국재해구호협회 희망브리지홀에서&nbsp;코로나19&nbsp;극복을 위한 기부금을 전달했다.선수들이 전달한 기부금은 총&nbsp;8000만 원이다.&nbsp;코로나19로 인해 리그가 조기 종료됨에 따라 개최되지 못한 챔피언결정전 우승팀 상금&nbsp;5000만 원과 준우승팀 상금&nbsp;30...
]]>
</description>
<dc:date>2020-04-01T14:56:00+09:00</dc:date>
<author>
<![CDATA[ OSEN( ) ]]>
</author>
<category>
<![CDATA[ 스포츠 포토 ]]>
</category>
<pubDate>Wed, 01 Apr 2020 14:56:00 +0900</pubDate>
</item>
<item>
<title>
<![CDATA[ 이강인, 골닷컴 선정 최고 유망주 7위...구보 제치고 亞 1위 ]]>
</title>
<link>
https://news.chosun.com/site/data/html_dir/2020/04/01/2020040104297.html
</link>
<description>
<![CDATA[
<table border=0 cellspacing=3 cellpadding=0 width=100%><tr><td><img src="https://image.chosun.com/sitedata/thumbnail/202004/01/2020040104289_0_thumb.jpg" border=0></td></tr></table> 이강인(19, 발렌시아)이&nbsp;세계 최고의 유망주 7위에 이름을 올렸다. 이강인은 글로벌 축구전문매체 골닷컴이 지난달 31일 발표한 넥스트 제네레이션(NxGn) 어워즈 순위서 7위를 차지했다.&nbsp;일본 유망주 구보 다케후사(9위, 마요르카)를 따돌리고 아시아 선수 중 최상단에 위치했다. 매체는 “한국 축구 팬은 이강인이 6세 때 TV에 나와 기량을 보여줬기에 그의 재능이 특별하다는 걸 잘 안다”고 조명했다. 이강인이 지난해 국제축구연맹(FIFA) 20세 이하 월드컵서 2골 4도움을 기록하며 한국의 준우승을 이끈 것을 비...
]]>
</description>
<dc:date>2020-04-01T14:56:00+09:00</dc:date>
<author>
<![CDATA[ OSEN( ) ]]>
</author>
<category>
<![CDATA[ 스포츠 포토 ]]>
</category>
<pubDate>Wed, 01 Apr 2020 14:56:00 +0900</pubDate>
</item>
<item>
<title>
<![CDATA[ '혼자놀기의 달인' 챔벌레인, 이번에는 골프로 '주목' ]]>
</title>
<link>
https://news.chosun.com/site/data/html_dir/2020/04/01/2020040104568.html
</link>
<description>
<![CDATA[
<table border=0 cellspacing=3 cellpadding=0 width=100%><tr><td><img src="https://image.chosun.com/sitedata/thumbnail/202004/01/2020040104559_0_thumb.jpg" border=0></td></tr></table> [스포츠조선 박찬준 기자]알렉스 옥슬레이드 챔벌레인(리버풀)은 혼자놀기의 달인이다. 전 세계가 코로나19로 홍역을 앓고 있는 가운데, 축구 역시 예외는 아니다. 유럽에서 코로나19가 빠르게 확산되며, 완전히 축구시계가 멈췄다. 빅리그는 물론, 마지막으로 리그가 지속됐던 터키마저 리그를 중단했다. 이로 인해 한창 기량을 뿜어내야 할 선수들이 '방콕'하는 신세가 되고 말았다. 단체 활동 대신 집에서 머물며 무료한 시간을 보내는 중이다. 팝스타이자 여자친구인 피에르 에드워즈와 함께 춤을 추는 영상을 올려 많은 화제를 낳았던 챔벌레인이 ...
]]>
</description>
<dc:date>2020-04-01T14:55:26+09:00</dc:date>
<author>
<![CDATA[ 스포츠조선=박찬준 기자( vanbasten@sportschosun.com ) ]]>
</author>
<category>
<![CDATA[ 스포츠 포토 ]]>
</category>
<pubDate>Wed, 01 Apr 2020 14:55:26 +0900</pubDate>
</item>
</channel>
</rss>